Kode DC,Tgl PP,Cabang,No PP,Bulan,Desc,Qty,Status,Suppl,Cek
G030,2026-03-03,Dc Makassar,03G030/0972316/03/2026,March,PLASTIC HINGE BRONJONG (@50 PCS),2.0,BTB,"DWI SAHABAT SEJATI INDONESIA, PT",0972316
G146,2026-03-03,Dc Lombok,03G146/0972327/03/2026,March,RODA DOLLY IDM -,200.0,BTB,"RODA HAMMERINDO JAYA, PT",0972327
G033,2026-03-05,Dc Tangerang 2,03G033/0973536/03/2026,March,RODA DOLLY IDM -,100.0,BTB,"RODA HAMMERINDO JAYA, PT",0973536
G033,2026-03-05,Dc Tangerang 2,03G033/0973536/03/2026,March,STICK PIN ENGSEL TUTUP KONTAINER DC @40 PCS,20.0,BTB,"YASUNLI ABADI UTAMA PLASTIK, PT",0973536
G033,2026-03-05,Dc Tangerang 2,03G033/0973536/03/2026,March,RODA DOLLY IDM (TANPA BRACKET),100.0,BTB,"RODA HAMMERINDO JAYA, PT",0973536
G033,2026-03-05,Dc Tangerang 2,03G033/0973539/03/2026,March,PART BRONJONG NEW DESIGN BASE NETT,10.0,BTB,"DWI SAHABAT SEJATI INDONESIA, PT",0973539
G033,2026-03-05,Dc Tangerang 2,03G033/0973539/03/2026,March,PART BRONJONG NEW DESIGN REAR NET,10.0,BTB,"DWI SAHABAT SEJATI INDONESIA, PT",0973539
G305,2026-03-05,Dc Gresik,03G305/0973553/03/2026,March,RODA DOLLY IDM -,400.0,BTB,"RODA HAMMERINDO JAYA, PT",0973553
G080,2026-03-05,Dc Purwakarta,03G080/0973567/03/2026,March,RODA DOLLY IDM -,500.0,BTB,"RODA HAMMERINDO JAYA, PT",0973567
G080,2026-03-05,Dc Purwakarta,03G080/0973567/03/2026,March,RODA NON BRAKE ( DEPAN ) -,200.0,BTB,"RODA HAMMERINDO JAYA, PT",0973567
G080,2026-03-05,Dc Purwakarta,03G080/0973567/03/2026,March,RODA BRAKE ( BELAKANG ) -,200.0,BTB,"RODA HAMMERINDO JAYA, PT",0973567
G801,2026-03-05,Dc Semarang,03G801/0973579/03/2026,March,RODA NON BRAKE ( DEPAN ) -,100.0,BTB,"RODA HAMMERINDO JAYA, PT",0973579
G801,2026-03-05,Dc Semarang,03G801/0973579/03/2026,March,RODA BRAKE ( BELAKANG ) -,80.0,BTB,"RODA HAMMERINDO JAYA, PT",0973579
G801,2026-03-05,Dc Semarang,03G801/0973579/03/2026,March,RODA DOLLY IDM -,120.0,BTB,"RODA HAMMERINDO JAYA, PT",0973579
G026,2026-03-05,Dc Tangerang,03G026/0974066/03/2026,March,RODA NON BRAKE ( DEPAN ) -,50.0,BTB,"RODA HAMMERINDO JAYA, PT",0974066
G026,2026-03-05,Dc Tangerang,03G026/0974066/03/2026,March,RODA BRAKE ( BELAKANG ) -,75.0,BTB,"RODA HAMMERINDO JAYA, PT",0974066
G026,2026-03-05,Dc Tangerang,03G026/0974066/03/2026,March,RODA DOLLY IDM -,50.0,BTB,"RODA HAMMERINDO JAYA, PT",0974066
G027,2026-03-06,Dc Bandung,03G027/0974635/03/2026,March,RODA NON BRAKE ( DEPAN ) -,220.0,BTB,"RODA HAMMERINDO JAYA, PT",0974635
G027,2026-03-06,Dc Bandung,03G027/0974635/03/2026,March,RODA BRAKE ( BELAKANG ) -,220.0,BTB,"RODA HAMMERINDO JAYA, PT",0974635
G305,2026-03-06,Dc Gresik,03G305/0974854/03/2026,March,STICK PIN ENGSEL TUTUP KONTAINER DC @40 PCS,90.0,BTB,"YASUNLI ABADI UTAMA PLASTIK, PT",0974854
G105,2026-03-06,Dc Bekasi,03G105/0974863/03/2026,March,TUTUP CONTAINER DC -,200.0,BTB,"YASUNLI ABADI UTAMA PLASTIK, PT",0974863
G245,2026-03-09,Dc Pontianak,03G245/0975141/03/2026,March,RODA NON BRAKE ( DEPAN ) -,230.0,BTB,"RODA HAMMERINDO JAYA, PT",0975141
G245,2026-03-09,Dc Pontianak,03G245/0975141/03/2026,March,RODA BRAKE ( BELAKANG ) -,300.0,BTB,"RODA HAMMERINDO JAYA, PT",0975141
G165,2026-03-11,Dc Bengkulu,03G165/0977281/03/2026,March,RODA DOLLY IDM -,250.0,BTB,"RODA HAMMERINDO JAYA, PT",0977281
G165,2026-03-11,Dc Bengkulu,03G165/0977281/03/2026,March,RODA NON BRAKE ( DEPAN ) -,150.0,BTB,"RODA HAMMERINDO JAYA, PT",0977281
G165,2026-03-11,Dc Bengkulu,03G165/0977281/03/2026,March,RODA BRAKE ( BELAKANG ) -,150.0,BTB,"RODA HAMMERINDO JAYA, PT",0977281
G305,2026-03-11,Dc Gresik,03G305/0977286/03/2026,March,RODA NON BRAKE ( DEPAN ) -,200.0,BTB,"RODA HAMMERINDO JAYA, PT",0977286
G305,2026-03-11,Dc Gresik,03G305/0977286/03/2026,March,RODA BRAKE ( BELAKANG ) -,200.0,BTB,"RODA HAMMERINDO JAYA, PT",0977286
G177,2026-03-11,Dc Palopo,03G177/0977291/03/2026,March,RODA DOLLY IDM -,200.0,BTB,"RODA HAMMERINDO JAYA, PT",0977291
G177,2026-03-11,Dc Palopo,03G177/0977291/03/2026,March,TUTUP CONTAINER DC -,200.0,BTB,INDRAGRAHA,0977291
G289,2026-03-12,Dc Bandung 2,03G289/0977780/03/2026,March,RODA NON BRAKE ( DEPAN ) -,100.0,BTB,"RODA HAMMERINDO JAYA, PT",0977780
G289,2026-03-12,Dc Bandung 2,03G289/0977780/03/2026,March,RODA BRAKE ( BELAKANG ) -,100.0,BTB,"RODA HAMMERINDO JAYA, PT",0977780
G305,2026-03-12,Dc Gresik,03G305/0977783/03/2026,March,PLASTIC HINGE BRONJONG (@50 PCS),7.0,BTB,"DWI SAHABAT SEJATI INDONESIA, PT",0977783
G025,2026-03-12,Dc Malang,03G025/0977796/03/2026,March,TUTUP CONTAINER DC -,200.0,BTB,"YASUNLI ABADI UTAMA PLASTIK, PT",0977796
G025,2026-03-12,Dc Malang,03G025/0982028/03/2026,March,RODA NON BRAKE ( DEPAN ) -,100.0,BTB,"RODA HAMMERINDO JAYA, PT",0982028
G025,2026-03-12,Dc Malang,03G025/0982028/03/2026,March,RODA BRAKE ( BELAKANG ) -,200.0,BTB,"RODA HAMMERINDO JAYA, PT",0982028
G105,2026-03-12,Dc Bekasi,03G105/0977807/03/2026,March,PART BRONJONG NEW DESIGN BOTTOM FRAME,10.0,BTB,"DWI SAHABAT SEJATI INDONESIA, PT",0977807
G105,2026-03-12,Dc Bekasi,03G105/0977807/03/2026,March,PART BRONJONG NEW DESIGN SIDE L,9.0,BTB,"DWI SAHABAT SEJATI INDONESIA, PT",0977807
G105,2026-03-12,Dc Bekasi,03G105/0977807/03/2026,March,PART BRONJONG NEW DESIGN SIDE R,9.0,BTB,"DWI SAHABAT SEJATI INDONESIA, PT",0977807
G105,2026-03-12,Dc Bekasi,03G105/0977807/03/2026,March,PART BRONJONG NEW DESIGN BASE NETT,10.0,BTB,"DWI SAHABAT SEJATI INDONESIA, PT",0977807
G105,2026-03-12,Dc Bekasi,03G105/0977807/03/2026,March,PLASTIC HINGE BRONJONG (@50 PCS),2.0,BTB,"DWI SAHABAT SEJATI INDONESIA, PT",0977807
G080,2026-03-12,Dc Purwakarta,03G080/0977816/03/2026,March,RODA DOLLY IDM -,500.0,BTB,"RODA HAMMERINDO JAYA, PT",0977816
G080,2026-03-12,Dc Purwakarta,03G080/0977816/03/2026,March,RODA NON BRAKE ( DEPAN ) -,200.0,BTB,"RODA HAMMERINDO JAYA, PT",0977816
G080,2026-03-12,Dc Purwakarta,03G080/0977816/03/2026,March,RODA BRAKE ( BELAKANG ) -,200.0,BTB,"RODA HAMMERINDO JAYA, PT",0977816
G001,2026-03-13,Dc Jakarta,03G001/0978478/03/2026,March,RODA BRAKE ( BELAKANG ) -,100.0,BTB,"RODA HAMMERINDO JAYA, PT",0978478
G001,2026-03-13,Dc Jakarta,03G001/0978480/03/2026,March,RODA DOLLY IDM -,430.0,BTB,"RODA HAMMERINDO JAYA, PT",0978480
G001,2026-03-13,Dc Jakarta,03G001/0978482/03/2026,March,RODA NON BRAKE ( DEPAN ) -,145.0,BTB,"RODA HAMMERINDO JAYA, PT",0978482
G001,2026-03-13,Dc Jakarta,03G001/0978483/03/2026,March,TUTUP CONTAINER DC -,630.0,BTB,"YASUNLI ABADI UTAMA PLASTIK, PT",0978483
G157,2026-03-13,Dc Lebak,03G157/0978488/03/2026,March,RODA BRAKE ( BELAKANG ) -,100.0,BTB,"RODA HAMMERINDO JAYA, PT",0978488
G157,2026-03-13,Dc Lebak,03G157/0978490/03/2026,March,RODA NON BRAKE ( DEPAN ) -,100.0,BTB,"RODA HAMMERINDO JAYA, PT",0978490
G049,2026-03-13,Dc Pekanbaru,03G049/0978547/03/2026,March,RODA DOLLY IDM -,300.0,BTB,"RODA HAMMERINDO JAYA, PT",0978547
G049,2026-03-13,Dc Pekanbaru,03G049/0978547/03/2026,March,RODA NON BRAKE ( DEPAN ) -,300.0,BTB,"RODA HAMMERINDO JAYA, PT",0978547
G049,2026-03-13,Dc Pekanbaru,03G049/0978547/03/2026,March,RODA BRAKE ( BELAKANG ) -,300.0,BTB,"RODA HAMMERINDO JAYA, PT",0978547
G028,2026-03-13,Dc Cirebon,03G028/0982030/03/2026,March,RODA NON BRAKE ( DEPAN ) -,100.0,BTB,"RODA HAMMERINDO JAYA, PT",0982030
G028,2026-03-13,Dc Cirebon,03G028/0982030/03/2026,March,RODA BRAKE ( BELAKANG ) -,100.0,BTB,"RODA HAMMERINDO JAYA, PT",0982030
G028,2026-03-13,Dc Cirebon,03G028/0982030/03/2026,March,RODA DOLLY IDM -,100.0,BTB,"RODA HAMMERINDO JAYA, PT",0982030
G028,2026-03-13,Dc Cirebon,03G028/0978559/03/2026,March,TUTUP CONTAINER DC -,100.0,BTB,"YASUNLI ABADI UTAMA PLASTIK, PT",0978559
G020,2026-03-13,Dc Yogyakarta,03G020/0982106/03/2026,March,RODA NON BRAKE ( DEPAN ) -,89.0,BTB,"RODA HAMMERINDO JAYA, PT",0982106
G020,2026-03-13,Dc Yogyakarta,03G020/0982106/03/2026,March,RODA BRAKE ( BELAKANG ) -,91.0,BTB,"RODA HAMMERINDO JAYA, PT",0982106
G020,2026-03-13,Dc Yogyakarta,03G020/0982106/03/2026,March,RODA DOLLY IDM -,70.0,BTB,"RODA HAMMERINDO JAYA, PT",0982106
G020,2026-03-13,Dc Yogyakarta,03G020/0978566/03/2026,March,PLASTIC HINGE BRONJONG (@50 PCS),1.0,BTB,"DWI SAHABAT SEJATI INDONESIA, PT",0978566
G148,2026-03-13,Dc Jombang,03G148/0982109/03/2026,March,RODA DOLLY IDM -,500.0,BTB,"RODA HAMMERINDO JAYA, PT",0982109
G148,2026-03-13,Dc Jombang,03G148/0982109/03/2026,March,RODA NON BRAKE ( DEPAN ) -,50.0,BTB,"RODA HAMMERINDO JAYA, PT",0982109
G148,2026-03-13,Dc Jombang,03G148/0982109/03/2026,March,RODA BRAKE ( BELAKANG ) -,50.0,BTB,"RODA HAMMERINDO JAYA, PT",0982109
G148,2026-03-13,Dc Jombang,03G148/0978678/03/2026,March,TUTUP CONTAINER DC -,200.0,BTB,"YASUNLI ABADI UTAMA PLASTIK, PT",0978678
G148,2026-03-13,Dc Jombang,03G148/0978678/03/2026,March,PLASTIC HINGE BRONJONG (@50 PCS),1.0,BTB,"DWI SAHABAT SEJATI INDONESIA, PT",0978678
G026,2026-03-16,Dc Tangerang,03G026/0979565/03/2026,March,RODA NON BRAKE ( DEPAN ) -,50.0,BTB,"RODA HAMMERINDO JAYA, PT",0979565
G026,2026-03-16,Dc Tangerang,03G026/0979565/03/2026,March,RODA BRAKE ( BELAKANG ) -,75.0,BTB,"RODA HAMMERINDO JAYA, PT",0979565
G026,2026-03-16,Dc Tangerang,03G026/0979565/03/2026,March,RODA DOLLY IDM -,50.0,BTB,"RODA HAMMERINDO JAYA, PT",0979565
G146,2026-03-16,Dc Lombok,03G146/0979590/03/2026,March,TUTUP CONTAINER DC -,200.0,BTB,"YASUNLI ABADI UTAMA PLASTIK, PT",0979590
G261,2026-03-18,Dc Jombang 2,03G261/0980806/03/2026,March,RODA DOLLY IDM -,225.0,BTB,"RODA HAMMERINDO JAYA, PT",0980806
G113,2026-03-18,Dc Bogor,03G113/0981393/03/2026,March,RODA NON BRAKE ( DEPAN ) -,150.0,BTB,"RODA HAMMERINDO JAYA, PT",0981393
G116,2026-03-24,Dc Batam,03G116/0981953/03/2026,March,PART BRONJONG NEW DESIGN BASE NETT,30.0,SP Final,"ARYANA CATUR MANDIRI, PT",0981953
G116,2026-03-24,Dc Batam,03G116/0981953/03/2026,March,PART BRONJONG NEW DESIGN BOTTOM FRAME,30.0,SP Final,"ARYANA CATUR MANDIRI, PT",0981953
G116,2026-03-24,Dc Batam,03G116/0981953/03/2026,March,PART BRONJONG NEW DESIGN FRONT NET,30.0,SP Final,"ARYANA CATUR MANDIRI, PT",0981953
G116,2026-03-24,Dc Batam,03G116/0981953/03/2026,March,PART BRONJONG NEW DESIGN REAR NET,30.0,SP Final,"ARYANA CATUR MANDIRI, PT",0981953
G116,2026-03-24,Dc Batam,03G116/0981953/03/2026,March,PART BRONJONG NEW DESIGN SIDE L,30.0,SP Final,"ARYANA CATUR MANDIRI, PT",0981953
G116,2026-03-24,Dc Batam,03G116/0981953/03/2026,March,PART BRONJONG NEW DESIGN SIDE R,30.0,SP Final,"ARYANA CATUR MANDIRI, PT",0981953
G033,2026-03-24,Dc Tangerang 2,03G033/0981959/03/2026,March,PART BRONJONG NEW DESIGN BASE NETT,5.0,BTB,"DWI SAHABAT SEJATI INDONESIA, PT",0981959
G033,2026-03-24,Dc Tangerang 2,03G033/0981959/03/2026,March,PART BRONJONG NEW DESIGN BOTTOM FRAME,10.0,BTB,"DWI SAHABAT SEJATI INDONESIA, PT",0981959
G033,2026-03-24,Dc Tangerang 2,03G033/0981959/03/2026,March,PART BRONJONG NEW DESIGN FRONT NET,5.0,BTB,"DWI SAHABAT SEJATI INDONESIA, PT",0981959
G033,2026-03-24,Dc Tangerang 2,03G033/0981959/03/2026,March,PART BRONJONG NEW DESIGN REAR NET,5.0,BTB,"DWI SAHABAT SEJATI INDONESIA, PT",0981959
G033,2026-03-24,Dc Tangerang 2,03G033/0981959/03/2026,March,PART BRONJONG NEW DESIGN SIDE L,5.0,BTB,"DWI SAHABAT SEJATI INDONESIA, PT",0981959
G033,2026-03-24,Dc Tangerang 2,03G033/0981959/03/2026,March,PART BRONJONG NEW DESIGN SIDE R,5.0,BTB,"DWI SAHABAT SEJATI INDONESIA, PT",0981959
G033,2026-03-24,Dc Tangerang 2,03G033/0981959/03/2026,March,PART BRONJONG NEW DESIGN TOP FRAME,10.0,BTB,"DWI SAHABAT SEJATI INDONESIA, PT",0981959
G244,2026-03-24,Dc Manado,03G244/0982018/03/2026,March,RODA NON BRAKE ( DEPAN ) -,200.0,BTB,"RODA HAMMERINDO JAYA, PT",0982018
G244,2026-03-24,Dc Manado,03G244/0982018/03/2026,March,RODA BRAKE ( BELAKANG ) -,200.0,BTB,"RODA HAMMERINDO JAYA, PT",0982018
G257,2026-03-30,Dc Stabat,03G257/0983929/03/2026,March,TUTUP CONTAINER DC -,150.0,BTB,"YASUNLI ABADI UTAMA PLASTIK, PT",0983929
G245,2026-03-30,Dc Pontianak,03G245/0983931/03/2026,March,TUTUP CONTAINER DC -,430.0,BTB,"YASUNLI ABADI UTAMA PLASTIK, PT",0983931
G245,2026-03-30,Dc Pontianak,03G245/0983934/03/2026,March,PART BRONJONG NEW DESIGN BASE NETT,8.0,BTB,"DWI SAHABAT SEJATI INDONESIA, PT",0983934
G245,2026-03-30,Dc Pontianak,03G245/0983934/03/2026,March,PART BRONJONG NEW DESIGN BOTTOM FRAME,13.0,BTB,"DWI SAHABAT SEJATI INDONESIA, PT",0983934
G245,2026-03-30,Dc Pontianak,03G245/0983934/03/2026,March,PART BRONJONG NEW DESIGN FRONT NET,16.0,BTB,"DWI SAHABAT SEJATI INDONESIA, PT",0983934
G245,2026-03-30,Dc Pontianak,03G245/0983934/03/2026,March,PART BRONJONG NEW DESIGN REAR NET,7.0,BTB,"DWI SAHABAT SEJATI INDONESIA, PT",0983934
G245,2026-03-30,Dc Pontianak,03G245/0983934/03/2026,March,PART BRONJONG NEW DESIGN SIDE L,6.0,BTB,"DWI SAHABAT SEJATI INDONESIA, PT",0983934
G245,2026-03-30,Dc Pontianak,03G245/0983934/03/2026,March,PART BRONJONG NEW DESIGN SIDE R,6.0,BTB,"DWI SAHABAT SEJATI INDONESIA, PT",0983934
G245,2026-03-30,Dc Pontianak,03G245/0983941/03/2026,March,RODA DOLLY IDM -,410.0,BTB,"RODA HAMMERINDO JAYA, PT",0983941
G261,2026-03-30,Dc Jombang 2,03G261/0983950/03/2026,March,PART BRONJONG NEW DESIGN TOP FRAME,43.0,SP Final,"ARYANA CATUR MANDIRI, PT",0983950
G261,2026-03-30,Dc Jombang 2,03G261/0983950/03/2026,March,PLASTIC HINGE BRONJONG (@50 PCS),3.0,SP Final,"ARYANA CATUR MANDIRI, PT",0983950
G113,2026-04-06,Dc Bogor,03G113/0986806/04/2026,April,PLASTIC HINGE BRONJONG (@50 PCS),2.0,BTB,"DWI SAHABAT SEJATI INDONESIA, PT",0986806
G113,2026-04-06,Dc Bogor,03G113/0986810/04/2026,April,RODA BRAKE ( BELAKANG ) -,150.0,BTB,"RODA HAMMERINDO JAYA, PT",0986810
G113,2026-04-06,Dc Bogor,03G113/0986812/04/2026,April,RODA NON BRAKE ( DEPAN ) -,150.0,BTB,"RODA HAMMERINDO JAYA, PT",0986812
G113,2026-04-06,Dc Bogor,03G113/0986815/04/2026,April,RODA DOLLY IDM -,200.0,BTB,"RODA HAMMERINDO JAYA, PT",0986815
G116,2026-04-07,Dc Batam,03G116/0987507/04/2026,April,RODA DOLLY IDM -,300.0,BTB,"RODA HAMMERINDO JAYA, PT",0987507
G049,2026-04-07,Dc Pekanbaru,03G049/0987508/04/2026,April,RODA DOLLY IDM -,100.0,BTB,"RODA HAMMERINDO JAYA, PT",0987508
G049,2026-04-07,Dc Pekanbaru,03G049/0987508/04/2026,April,RODA NON BRAKE ( DEPAN ) -,100.0,BTB,"RODA HAMMERINDO JAYA, PT",0987508
G049,2026-04-07,Dc Pekanbaru,03G049/0987508/04/2026,April,RODA BRAKE ( BELAKANG ) -,100.0,BTB,"RODA HAMMERINDO JAYA, PT",0987508
G137,2026-04-09,Dc Jakarta 2,03G137/0988902/04/2026,April,PLASTIC HINGE BRONJONG (@50 PCS),3.0,BTB,"DWI SAHABAT SEJATI INDONESIA, PT",0988902
G137,2026-04-09,Dc Jakarta 2,03G137/0988906/04/2026,April,RODA NON BRAKE ( DEPAN ) -,150.0,BTB,"RODA KAWAN SEJAHTERA, PT",0988906
G137,2026-04-09,Dc Jakarta 2,03G137/0988907/04/2026,April,RODA BRAKE ( BELAKANG ) -,100.0,BTB,"RODA KAWAN SEJAHTERA, PT",0988907
G137,2026-04-09,Dc Jakarta 2,03G137/0988911/04/2026,April,RODA DOLLY IDM -,200.0,BTB,"RODA KAWAN SEJAHTERA, PT",0988911
G026,2026-04-09,Dc Tangerang,03G026/0988953/04/2026,April,RODA NON BRAKE ( DEPAN ) -,50.0,BTB,"RODA KAWAN SEJAHTERA, PT",0988953
G026,2026-04-09,Dc Tangerang,03G026/0988953/04/2026,April,RODA BRAKE ( BELAKANG ) -,75.0,BTB,"RODA KAWAN SEJAHTERA, PT",0988953
G026,2026-04-09,Dc Tangerang,03G026/0988953/04/2026,April,RODA DOLLY IDM -,50.0,BTB,"RODA KAWAN SEJAHTERA, PT",0988953
G156,2026-04-09,Dc Klaten,03G156/0988956/04/2026,April,RODA NON BRAKE ( DEPAN ) -,120.0,BTB,"RODA HAMMERINDO JAYA, PT",0988956
G156,2026-04-09,Dc Klaten,03G156/0988956/04/2026,April,RODA BRAKE ( BELAKANG ) -,140.0,BTB,"RODA HAMMERINDO JAYA, PT",0988956
G156,2026-04-09,Dc Klaten,03G156/0988956/04/2026,April,RODA DOLLY IDM -,130.0,BTB,"RODA HAMMERINDO JAYA, PT",0988956
G261,2026-04-09,Dc Jombang 2,03G261/0988961/04/2026,April,RODA DOLLY IDM -,250.0,BTB,"RODA HAMMERINDO JAYA, PT",0988961
G301,2026-04-09,Dc Sidoarjo,03G301/0988964/04/2026,April,PLASTIC HINGE BRONJONG (@50 PCS),3.0,BTB,"DWI SAHABAT SEJATI INDONESIA, PT",0988964
G030,2026-04-09,Dc Makassar,03G030/0988986/04/2026,April,RODA DOLLY IDM -,300.0,BTB,"RODA HAMMERINDO JAYA, PT",0988986
G165,2026-04-10,Dc Bengkulu,03G165/0989483/04/2026,April,RODA DOLLY IDM -,250.0,BTB,"RODA HAMMERINDO JAYA, PT",0989483
G165,2026-04-10,Dc Bengkulu,03G165/0989483/04/2026,April,RODA NON BRAKE ( DEPAN ) -,150.0,BTB,"RODA HAMMERINDO JAYA, PT",0989483
G165,2026-04-10,Dc Bengkulu,03G165/0989483/04/2026,April,RODA BRAKE ( BELAKANG ) -,150.0,BTB,"RODA HAMMERINDO JAYA, PT",0989483
G080,2026-04-10,Dc Purwakarta,03G080/0989888/04/2026,April,RODA DOLLY IDM -,500.0,BTB,"RODA HAMMERINDO JAYA, PT",0989888
G080,2026-04-10,Dc Purwakarta,03G080/0989888/04/2026,April,RODA NON BRAKE ( DEPAN ) -,200.0,BTB,"RODA HAMMERINDO JAYA, PT",0989888
G080,2026-04-10,Dc Purwakarta,03G080/0989888/04/2026,April,RODA BRAKE ( BELAKANG ) -,200.0,BTB,"RODA HAMMERINDO JAYA, PT",0989888
G049,2026-04-15,Dc Pekanbaru,03G049/0991813/04/2026,April,RODA DOLLY IDM -,100.0,BTB,"RODA HAMMERINDO JAYA, PT",0991813
G049,2026-04-15,Dc Pekanbaru,03G049/0991813/04/2026,April,RODA NON BRAKE ( DEPAN ) -,100.0,BTB,"RODA HAMMERINDO JAYA, PT",0991813
G049,2026-04-15,Dc Pekanbaru,03G049/0991813/04/2026,April,RODA BRAKE ( BELAKANG ) -,100.0,BTB,"RODA HAMMERINDO JAYA, PT",0991813
G137,2026-04-15,Dc Jakarta 2,03G137/0991822/04/2026,April,TUTUP CONTAINER DC -,250.0,BTB,"YASUNLI ABADI UTAMA PLASTIK, PT",0991822
G157,2026-04-15,Dc Lebak,03G157/0991828/04/2026,April,PART BRONJONG NEW DESIGN BASE NETT,10.0,BTB,"ARYANA CATUR MANDIRI, PT",0991828
G157,2026-04-15,Dc Lebak,03G157/0991828/04/2026,April,PART BRONJONG NEW DESIGN BOTTOM FRAME,10.0,BTB,"ARYANA CATUR MANDIRI, PT",0991828
G157,2026-04-15,Dc Lebak,03G157/0991828/04/2026,April,PART BRONJONG NEW DESIGN FRONT NET,10.0,BTB,"ARYANA CATUR MANDIRI, PT",0991828
G157,2026-04-15,Dc Lebak,03G157/0991828/04/2026,April,PART BRONJONG NEW DESIGN REAR NET,10.0,BTB,"ARYANA CATUR MANDIRI, PT",0991828
G157,2026-04-15,Dc Lebak,03G157/0991828/04/2026,April,PART BRONJONG NEW DESIGN SIDE L,10.0,BTB,"ARYANA CATUR MANDIRI, PT",0991828
G157,2026-04-15,Dc Lebak,03G157/0991828/04/2026,April,PART BRONJONG NEW DESIGN SIDE R,10.0,BTB,"ARYANA CATUR MANDIRI, PT",0991828
G157,2026-04-15,Dc Lebak,03G157/0991828/04/2026,April,PART BRONJONG NEW DESIGN TOP FRAME,10.0,BTB,"ARYANA CATUR MANDIRI, PT",0991828
G157,2026-04-15,Dc Lebak,03G157/0991830/04/2026,April,RODA DOLLY IDM -,300.0,BTB,"RODA KAWAN SEJAHTERA, PT",0991830
G117,2026-04-15,Dc Bogor 2,03G117/0991841/04/2026,April,RODA NON BRAKE ( DEPAN ) -,200.0,BTB,"RODA HAMMERINDO JAYA, PT",0991841
G117,2026-04-15,Dc Bogor 2,03G117/0991841/04/2026,April,RODA BRAKE ( BELAKANG ) -,200.0,BTB,"RODA HAMMERINDO JAYA, PT",0991841
G117,2026-04-15,Dc Bogor 2,03G117/0991849/04/2026,April,RODA DOLLY IDM -,200.0,BTB,"RODA HAMMERINDO JAYA, PT",0991849
G028,2026-04-15,Dc Cirebon,03G028/0991860/04/2026,April,RODA NON BRAKE ( DEPAN ) -,100.0,BTB,"RODA HAMMERINDO JAYA, PT",0991860
G028,2026-04-15,Dc Cirebon,03G028/0991860/04/2026,April,RODA BRAKE ( BELAKANG ) -,100.0,BTB,"RODA HAMMERINDO JAYA, PT",0991860
G028,2026-04-15,Dc Cirebon,03G028/0991860/04/2026,April,RODA DOLLY IDM -,100.0,BTB,"RODA HAMMERINDO JAYA, PT",0991860
G028,2026-04-15,Dc Cirebon,03G028/0991860/04/2026,April,TUTUP CONTAINER DC -,100.0,BTB,"YASUNLI ABADI UTAMA PLASTIK, PT",0991860
G301,2026-04-15,Dc Sidoarjo,03G301/0992024/04/2026,April,RODA DOLLY IDM -,200.0,BTB,"RODA HAMMERINDO JAYA, PT",0992024
G105,2026-04-15,Dc Bekasi,03G105/0992030/04/2026,April,RODA NON BRAKE ( DEPAN ) -,150.0,BTB,"RODA KAWAN SEJAHTERA, PT",0992030
G105,2026-04-15,Dc Bekasi,03G105/0992030/04/2026,April,RODA BRAKE ( BELAKANG ) -,150.0,BTB,"RODA KAWAN SEJAHTERA, PT",0992030
G030,2026-04-15,Dc Makassar,03G030/0992032/04/2026,April,RODA NON BRAKE ( DEPAN ) -,240.0,BTB,"RODA HAMMERINDO JAYA, PT",0992032
G030,2026-04-15,Dc Makassar,03G030/0992032/04/2026,April,RODA BRAKE ( BELAKANG ) -,240.0,BTB,"RODA HAMMERINDO JAYA, PT",0992032
G092,2026-04-21,Dc Banjarmasin,03G092/0995080/04/2026,April,RODA NON BRAKE ( DEPAN ) -,200.0,BTB,"RODA HAMMERINDO JAYA, PT",0995080
G092,2026-04-21,Dc Banjarmasin,03G092/0995080/04/2026,April,RODA BRAKE ( BELAKANG ) -,200.0,BTB,"RODA HAMMERINDO JAYA, PT",0995080
G092,2026-04-21,Dc Banjarmasin,03G092/0995081/04/2026,April,RODA DOLLY IDM -,300.0,BTB,"RODA HAMMERINDO JAYA, PT",0995081
G092,2026-04-21,Dc Banjarmasin,03G092/0995088/04/2026,April,TUTUP CONTAINER DC -,500.0,BTB,"YASUNLI ABADI UTAMA PLASTIK, PT",0995088
G001,2026-04-21,Dc Jakarta,03G001/0995150/04/2026,April,RODA BRAKE ( BELAKANG ) -,100.0,BTB,"RODA HAMMERINDO JAYA, PT",0995150
G001,2026-04-21,Dc Jakarta,03G001/0995154/04/2026,April,RODA NON BRAKE ( DEPAN ) -,230.0,BTB,"RODA HAMMERINDO JAYA, PT",0995154
G001,2026-04-21,Dc Jakarta,03G001/0995157/04/2026,April,RODA DOLLY IDM -,600.0,BTB,"RODA HAMMERINDO JAYA, PT",0995157
G001,2026-04-21,Dc Jakarta,03G001/0995158/04/2026,April,TUTUP CONTAINER DC -,270.0,BTB,"YASUNLI ABADI UTAMA PLASTIK, PT",0995158
G244,2026-04-21,Dc Manado,03G244/0995165/04/2026,April,TUTUP CONTAINER DC -,500.0,BTB,"YASUNLI ABADI UTAMA PLASTIK, PT",0995165
G156,2026-04-21,Dc Klaten,03G156/0995175/04/2026,April,PART BRONJONG NEW DESIGN SIDE R,6.0,BTB,"ARYANA CATUR MANDIRI, PT",0995175
G156,2026-04-21,Dc Klaten,03G156/0995175/04/2026,April,PART BRONJONG NEW DESIGN SIDE L,6.0,BTB,"ARYANA CATUR MANDIRI, PT",0995175
G156,2026-04-21,Dc Klaten,03G156/0995175/04/2026,April,PART BRONJONG NEW DESIGN BASE NETT,2.0,BTB,"ARYANA CATUR MANDIRI, PT",0995175
G156,2026-04-21,Dc Klaten,03G156/0995175/04/2026,April,PART BRONJONG NEW DESIGN BOTTOM FRAME,4.0,BTB,"ARYANA CATUR MANDIRI, PT",0995175
G156,2026-04-21,Dc Klaten,03G156/0995175/04/2026,April,PART BRONJONG NEW DESIGN FRONT NET,6.0,BTB,"ARYANA CATUR MANDIRI, PT",0995175
G049,2026-04-22,Dc Pekanbaru,03G049/0996166/04/2026,April,PART BRONJONG NEW DESIGN BASE NETT,10.0,SP Final,"DWI SAHABAT SEJATI INDONESIA, PT",0996166
G049,2026-04-22,Dc Pekanbaru,03G049/0996166/04/2026,April,PART BRONJONG NEW DESIGN BOTTOM FRAME,10.0,SP Final,"DWI SAHABAT SEJATI INDONESIA, PT",0996166
G049,2026-04-22,Dc Pekanbaru,03G049/0996166/04/2026,April,PART BRONJONG NEW DESIGN FRONT NET,10.0,SP Final,"DWI SAHABAT SEJATI INDONESIA, PT",0996166
G049,2026-04-22,Dc Pekanbaru,03G049/0996166/04/2026,April,PART BRONJONG NEW DESIGN REAR NET,10.0,SP Final,"DWI SAHABAT SEJATI INDONESIA, PT",0996166
G049,2026-04-22,Dc Pekanbaru,03G049/0996166/04/2026,April,PART BRONJONG NEW DESIGN SIDE L,10.0,SP Final,"DWI SAHABAT SEJATI INDONESIA, PT",0996166
G049,2026-04-22,Dc Pekanbaru,03G049/0996166/04/2026,April,PART BRONJONG NEW DESIGN SIDE R,10.0,SP Final,"DWI SAHABAT SEJATI INDONESIA, PT",0996166
G049,2026-04-22,Dc Pekanbaru,03G049/0996166/04/2026,April,PART BRONJONG NEW DESIGN TOP FRAME,10.0,SP Final,"DWI SAHABAT SEJATI INDONESIA, PT",0996166
G005,2026-04-22,Dc Bandar Lampung,03G005/0996192/04/2026,April,RODA BRAKE ( BELAKANG ) -,150.0,BTB,"RODA HAMMERINDO JAYA, PT",0996192
G005,2026-04-22,Dc Bandar Lampung,03G005/0996192/04/2026,April,RODA NON BRAKE ( DEPAN ) -,150.0,BTB,"RODA HAMMERINDO JAYA, PT",0996192
G005,2026-04-22,Dc Bandar Lampung,03G005/0996192/04/2026,April,RODA DOLLY IDM -,150.0,BTB,"RODA HAMMERINDO JAYA, PT",0996192
G005,2026-04-22,Dc Bandar Lampung,03G005/0996200/04/2026,April,TUTUP CONTAINER DC -,500.0,BTB,"YASUNLI ABADI UTAMA PLASTIK, PT",0996200
G165,2026-04-24,Dc Bengkulu,03G165/0997481/04/2026,April,RODA DOLLY IDM -,160.0,BTB,"RODA HAMMERINDO JAYA, PT",0997481
G165,2026-04-24,Dc Bengkulu,03G165/0997481/04/2026,April,TUTUP CONTAINER DC -,80.0,BTB,"YASUNLI ABADI UTAMA PLASTIK, PT",0997481
G165,2026-04-24,Dc Bengkulu,03G165/0997481/04/2026,April,RODA BRAKE ( BELAKANG ) -,120.0,BTB,"RODA HAMMERINDO JAYA, PT",0997481
G165,2026-04-24,Dc Bengkulu,03G165/0997481/04/2026,April,RODA NON BRAKE ( DEPAN ) -,120.0,BTB,"RODA HAMMERINDO JAYA, PT",0997481
G033,2026-04-27,Dc Tangerang 2,03G033/0998036/04/2026,April,PART BRONJONG NEW DESIGN BASE NETT,10.0,BTB,"DWI SAHABAT SEJATI INDONESIA, PT",0998036
G033,2026-04-27,Dc Tangerang 2,03G033/0998036/04/2026,April,PART BRONJONG NEW DESIGN FRONT NET,15.0,BTB,"DWI SAHABAT SEJATI INDONESIA, PT",0998036
G033,2026-04-27,Dc Tangerang 2,03G033/0998036/04/2026,April,PART BRONJONG NEW DESIGN REAR NET,5.0,BTB,"DWI SAHABAT SEJATI INDONESIA, PT",0998036
G033,2026-04-27,Dc Tangerang 2,03G033/0998036/04/2026,April,PART BRONJONG NEW DESIGN SIDE L,15.0,BTB,"DWI SAHABAT SEJATI INDONESIA, PT",0998036
G033,2026-04-27,Dc Tangerang 2,03G033/0998036/04/2026,April,PART BRONJONG NEW DESIGN SIDE R,15.0,BTB,"DWI SAHABAT SEJATI INDONESIA, PT",0998036
G033,2026-04-27,Dc Tangerang 2,03G033/0998036/04/2026,April,PART BRONJONG NEW DESIGN TOP FRAME,3.0,BTB,"DWI SAHABAT SEJATI INDONESIA, PT",0998036
G301,2026-04-27,Dc Sidoarjo,03G301/0998039/04/2026,April,PART BRONJONG NEW DESIGN REAR NET,10.0,BTB,"YASUNLI ABADI UTAMA PLASTIK, PT",0998039
G146,2026-04-27,Dc Lombok,03G146/0998042/04/2026,April,PART BRONJONG NEW DESIGN BOTTOM FRAME,4.0,BTB,"DWI SAHABAT SEJATI INDONESIA, PT",0998042
G146,2026-04-27,Dc Lombok,03G146/0998042/04/2026,April,PART BRONJONG NEW DESIGN FRONT NET,18.0,BTB,"DWI SAHABAT SEJATI INDONESIA, PT",0998042
G146,2026-04-27,Dc Lombok,03G146/0998042/04/2026,April,PART BRONJONG NEW DESIGN REAR NET,8.0,BTB,"DWI SAHABAT SEJATI INDONESIA, PT",0998042
G146,2026-04-27,Dc Lombok,03G146/0998042/04/2026,April,PART BRONJONG NEW DESIGN SIDE L,18.0,BTB,"DWI SAHABAT SEJATI INDONESIA, PT",0998042
G146,2026-04-27,Dc Lombok,03G146/0998042/04/2026,April,PART BRONJONG NEW DESIGN SIDE R,18.0,BTB,"DWI SAHABAT SEJATI INDONESIA, PT",0998042
G009,2026-04-27,Dc Medan,03G009/0998115/04/2026,April,RODA BRAKE ( BELAKANG ) -,200.0,BTB,"RODA HAMMERINDO JAYA, PT",0998115
G009,2026-04-27,Dc Medan,03G009/0998115/04/2026,April,RODA NON BRAKE ( DEPAN ) -,200.0,BTB,"RODA HAMMERINDO JAYA, PT",0998115
G033,2026-04-27,Dc Tangerang 2,03G033/0998126/04/2026,April,RODA BRAKE ( BELAKANG ) -,100.0,BTB,"RODA HAMMERINDO JAYA, PT",0998126
G033,2026-04-27,Dc Tangerang 2,03G033/0998126/04/2026,April,RODA NON BRAKE ( DEPAN ) -,100.0,BTB,"RODA HAMMERINDO JAYA, PT",0998126
G033,2026-04-27,Dc Tangerang 2,03G033/0998126/04/2026,April,RODA DOLLY IDM -,100.0,BTB,"RODA HAMMERINDO JAYA, PT",0998126
G020,2026-04-27,Dc Yogyakarta,03G020/0998134/04/2026,April,PART BRONJONG NEW DESIGN REAR NET,6.0,BTB,"ARYANA CATUR MANDIRI, PT",0998134
G020,2026-04-27,Dc Yogyakarta,03G020/0998134/04/2026,April,PART BRONJONG NEW DESIGN SIDE L,6.0,BTB,"ARYANA CATUR MANDIRI, PT",0998134
G020,2026-04-27,Dc Yogyakarta,03G020/0998134/04/2026,April,PART BRONJONG NEW DESIGN SIDE R,6.0,BTB,"ARYANA CATUR MANDIRI, PT",0998134
G020,2026-04-27,Dc Yogyakarta,03G020/0998134/04/2026,April,PART BRONJONG NEW DESIGN BOTTOM FRAME,6.0,BTB,"ARYANA CATUR MANDIRI, PT",0998134
G020,2026-04-27,Dc Yogyakarta,03G020/0998134/04/2026,April,PART BRONJONG NEW DESIGN FRONT NET,6.0,BTB,"ARYANA CATUR MANDIRI, PT",0998134
G236,2026-04-27,Dc Sorong,03G236/0998136/04/2026,April,RODA BRAKE ( BELAKANG ) -,100.0,BTB,"RODA HAMMERINDO JAYA, PT",0998136
G236,2026-04-27,Dc Sorong,03G236/0998136/04/2026,April,RODA NON BRAKE ( DEPAN ) -,100.0,BTB,"RODA HAMMERINDO JAYA, PT",0998136
G236,2026-04-27,Dc Sorong,03G236/0998136/04/2026,April,RODA DOLLY IDM -,100.0,BTB,"RODA HAMMERINDO JAYA, PT",0998136
G034,2026-04-27,Dc Bali,03G034/0998138/04/2026,April,RODA DOLLY IDM -,200.0,BTB,"RODA HAMMERINDO JAYA, PT",0998138
G034,2026-04-27,Dc Bali,03G034/0998138/04/2026,April,PLASTIC HINGE BRONJONG (@50 PCS),4.0,BTB,"ARYANA CATUR MANDIRI, PT",0998138
G034,2026-04-27,Dc Bali,03G034/0998138/04/2026,April,PART BRONJONG NEW DESIGN FRONT NET,30.0,BTB,"ARYANA CATUR MANDIRI, PT",0998138
G092,2026-04-29,Dc Banjarmasin,03G092/0999321/04/2026,April,PART BRONJONG NEW DESIGN BOTTOM FRAME,10.0,BTB,"ARYANA CATUR MANDIRI, PT",0999321
G092,2026-04-29,Dc Banjarmasin,03G092/0999326/04/2026,April,RODA BRAKE ( BELAKANG ) -,200.0,BTB,"RODA HAMMERINDO JAYA, PT",0999326
G092,2026-04-29,Dc Banjarmasin,03G092/0999326/04/2026,April,RODA NON BRAKE ( DEPAN ) -,200.0,BTB,"RODA HAMMERINDO JAYA, PT",0999326
G092,2026-04-29,Dc Banjarmasin,03G092/0999330/04/2026,April,RODA DOLLY IDM -,300.0,BTB,"RODA HAMMERINDO JAYA, PT",0999330
G092,2026-04-29,Dc Banjarmasin,03G092/0999333/04/2026,April,TUTUP CONTAINER DC -,500.0,BTB,"YASUNLI ABADI UTAMA PLASTIK, PT",0999333
G244,2026-04-29,Dc Manado,03G244/0999337/04/2026,April,RODA BRAKE ( BELAKANG ) -,200.0,BTB,"RODA HAMMERINDO JAYA, PT",0999337
G244,2026-04-29,Dc Manado,03G244/0999337/04/2026,April,RODA NON BRAKE ( DEPAN ) -,200.0,BTB,"RODA HAMMERINDO JAYA, PT",0999337
G245,2026-05-08,Dc Pontianak,03G245/1004210/05/2026,May,PLASTIC HINGE BRONJONG (@50 PCS),4.0,BTB,"DWI SAHABAT SEJATI INDONESIA, PT",1004210
G245,2026-05-08,Dc Pontianak,03G245/1004220/05/2026,May,RODA DOLLY IDM -,370.0,BTB,"RODA HAMMERINDO JAYA, PT",1004220
G026,2026-05-08,Dc Tangerang,03G026/1004227/05/2026,May,RODA NON BRAKE ( DEPAN ) -,50.0,BTB,"RODA KAWAN SEJAHTERA, PT",1004227
G026,2026-05-08,Dc Tangerang,03G026/1004227/05/2026,May,RODA BRAKE ( BELAKANG ) -,50.0,BTB,"RODA KAWAN SEJAHTERA, PT",1004227
G026,2026-05-08,Dc Tangerang,03G026/1004227/05/2026,May,RODA DOLLY IDM -,50.0,BTB,"RODA KAWAN SEJAHTERA, PT",1004227
G801,2026-05-08,Dc Semarang,03G801/1004236/05/2026,May,PART BRONJONG NEW DESIGN BASE NETT,10.0,SP Final,"DWI SAHABAT SEJATI INDONESIA, PT",1004236
G801,2026-05-08,Dc Semarang,03G801/1004236/05/2026,May,PART BRONJONG NEW DESIGN BOTTOM FRAME,7.0,SP Final,"DWI SAHABAT SEJATI INDONESIA, PT",1004236
G801,2026-05-08,Dc Semarang,03G801/1004236/05/2026,May,PART BRONJONG NEW DESIGN FRONT NET,3.0,SP Final,"DWI SAHABAT SEJATI INDONESIA, PT",1004236
G801,2026-05-08,Dc Semarang,03G801/1004236/05/2026,May,PART BRONJONG NEW DESIGN REAR NET,9.0,SP Final,"DWI SAHABAT SEJATI INDONESIA, PT",1004236
G801,2026-05-08,Dc Semarang,03G801/1004236/05/2026,May,PART BRONJONG NEW DESIGN SIDE L,10.0,SP Final,"DWI SAHABAT SEJATI INDONESIA, PT",1004236
G801,2026-05-08,Dc Semarang,03G801/1004236/05/2026,May,PART BRONJONG NEW DESIGN SIDE R,10.0,SP Final,"DWI SAHABAT SEJATI INDONESIA, PT",1004236
G801,2026-05-08,Dc Semarang,03G801/1004236/05/2026,May,PART BRONJONG NEW DESIGN TOP FRAME,4.0,SP Final,"DWI SAHABAT SEJATI INDONESIA, PT",1004236
G261,2026-05-08,Dc Jombang 2,03G261/1004241/05/2026,May,RODA BRAKE ( BELAKANG ) -,150.0,BTB,"RODA HAMMERINDO JAYA, PT",1004241
G030,2026-05-08,Dc Makassar,03G030/1004246/05/2026,May,TUTUP CONTAINER DC -,200.0,BTB,"YASUNLI ABADI UTAMA PLASTIK, PT",1004246
G165,2026-05-08,Dc Bengkulu,03G165/1005859/05/2026,May,RODA DOLLY IDM -,160.0,BTB,"RODA HAMMERINDO JAYA, PT",1005859
G165,2026-05-08,Dc Bengkulu,03G165/1005859/05/2026,May,RODA NON BRAKE ( DEPAN ) -,120.0,BTB,"RODA HAMMERINDO JAYA, PT",1005859
G165,2026-05-08,Dc Bengkulu,03G165/1005859/05/2026,May,RODA BRAKE ( BELAKANG ) -,120.0,BTB,"RODA HAMMERINDO JAYA, PT",1005859
G165,2026-05-08,Dc Bengkulu,03G165/1005862/05/2026,May,TUTUP CONTAINER DC -,80.0,BTB,"YASUNLI ABADI UTAMA PLASTIK, PT",1005862
G050,2026-05-19,Dc Samarinda,03G050/1009427/05/2026,May,RODA NON BRAKE ( DEPAN ) -,300.0,BTB,"RODA HAMMERINDO JAYA, PT",1009427
G050,2026-05-19,Dc Samarinda,03G050/1009427/05/2026,May,RODA BRAKE ( BELAKANG ) -,300.0,BTB,"RODA HAMMERINDO JAYA, PT",1009427
G028,2026-05-19,Dc Cirebon,03G028/1009432/05/2026,May,RODA NON BRAKE ( DEPAN ) -,100.0,BTB,"RODA KAWAN SEJAHTERA, PT",1009432
G028,2026-05-19,Dc Cirebon,03G028/1009432/05/2026,May,RODA BRAKE ( BELAKANG ) -,100.0,BTB,"RODA KAWAN SEJAHTERA, PT",1009432
G028,2026-05-19,Dc Cirebon,03G028/1009432/05/2026,May,RODA DOLLY IDM -,100.0,BTB,"RODA KAWAN SEJAHTERA, PT",1009432
G028,2026-05-19,Dc Cirebon,03G028/1009432/05/2026,May,PLASTIC HINGE BRONJONG (@50 PCS),2.0,BTB,"DWI SAHABAT SEJATI INDONESIA, PT",1009432
G801,2026-05-19,Dc Semarang,03G801/1009434/05/2026,May,RODA NON BRAKE ( DEPAN ) -,130.0,BTB,"RODA HAMMERINDO JAYA, PT",1009434
G801,2026-05-19,Dc Semarang,03G801/1009434/05/2026,May,RODA BRAKE ( BELAKANG ) -,90.0,BTB,"RODA HAMMERINDO JAYA, PT",1009434
G801,2026-05-19,Dc Semarang,03G801/1009434/05/2026,May,RODA DOLLY IDM -,100.0,BTB,"RODA HAMMERINDO JAYA, PT",1009434
G801,2026-05-19,Dc Semarang,03G801/1009434/05/2026,May,PLASTIC HINGE BRONJONG (@50 PCS),2.0,BTB,"DWI SAHABAT SEJATI INDONESIA, PT",1009434
G080,2026-05-19,Dc Purwakarta,03G080/1009441/05/2026,May,RODA DOLLY IDM -,500.0,BTB,"RODA HAMMERINDO JAYA, PT",1009441
G080,2026-05-19,Dc Purwakarta,03G080/1009441/05/2026,May,RODA NON BRAKE ( DEPAN ) -,200.0,BTB,"RODA HAMMERINDO JAYA, PT",1009441
G080,2026-05-19,Dc Purwakarta,03G080/1009441/05/2026,May,RODA BRAKE ( BELAKANG ) -,200.0,BTB,"RODA HAMMERINDO JAYA, PT",1009441
G001,2026-05-21,Dc Jakarta,03G001/1010591/05/2026,May,RODA BRAKE ( BELAKANG ) -,160.0,BTB,"RODA KAWAN SEJAHTERA, PT",1010591
G001,2026-05-21,Dc Jakarta,03G001/1010592/05/2026,May,RODA NON BRAKE ( DEPAN ) -,125.0,BTB,"RODA KAWAN SEJAHTERA, PT",1010592
G001,2026-05-21,Dc Jakarta,03G001/1010594/05/2026,May,RODA DOLLY IDM -,600.0,BTB,"RODA KAWAN SEJAHTERA, PT",1010594
G105,2026-05-21,Dc Bekasi,03G105/1010597/05/2026,May,RODA NON BRAKE ( DEPAN ) -,100.0,BTB,"RODA HAMMERINDO JAYA, PT",1010597
G105,2026-05-21,Dc Bekasi,03G105/1010597/05/2026,May,RODA BRAKE ( BELAKANG ) -,100.0,BTB,"RODA HAMMERINDO JAYA, PT",1010597
G107,2026-05-28,Dc Parung,03G107/1013427/05/2026,May,RODA BRAKE ( BELAKANG ) -,105.0,BTB,"RODA KAWAN SEJAHTERA, PT",1013427
G107,2026-05-28,Dc Parung,03G107/1013430/05/2026,May,RODA NON BRAKE ( DEPAN ) -,116.0,BTB,"RODA KAWAN SEJAHTERA, PT",1013430
G107,2026-05-28,Dc Parung,03G107/1013433/05/2026,May,RODA DOLLY IDM -,110.0,BTB,"RODA KAWAN SEJAHTERA, PT",1013433
G113,2026-05-28,Dc Bogor,03G113/1013443/05/2026,May,RODA BRAKE ( BELAKANG ) -,150.0,BTB,"RODA KAWAN SEJAHTERA, PT",1013443
G113,2026-05-28,Dc Bogor,03G113/1013445/05/2026,May,RODA NON BRAKE ( DEPAN ) -,150.0,BTB,"RODA KAWAN SEJAHTERA, PT",1013445
G113,2026-05-28,Dc Bogor,03G113/1013449/05/2026,May,RODA DOLLY IDM -,300.0,New PP,X : di Reject LM,1013449
G305,2026-05-28,Dc Gresik,03G305/1013463/05/2026,May,RODA NON BRAKE ( DEPAN ) -,200.0,BTB,"RODA HAMMERINDO JAYA, PT",1013463
G305,2026-05-28,Dc Gresik,03G305/1013463/05/2026,May,RODA BRAKE ( BELAKANG ) -,200.0,BTB,"RODA HAMMERINDO JAYA, PT",1013463
G305,2026-05-28,Dc Gresik,03G305/1013465/05/2026,May,RODA DOLLY IDM -,400.0,BTB,"RODA HAMMERINDO JAYA, PT",1013465
G148,2026-05-28,Dc Jombang,03G148/1013466/05/2026,May,RODA DOLLY IDM -,300.0,BTB,"RODA HAMMERINDO JAYA, PT",1013466
G033,2026-05-29,Dc Tangerang 2,03G033/1013998/05/2026,May,RODA DOLLY IDM -,100.0,BTB,"RODA KAWAN SEJAHTERA, PT",1013998
G033,2026-05-29,Dc Tangerang 2,03G033/1013998/05/2026,May,TUTUP CONTAINER DC -,200.0,BTB,"YASUNLI ABADI UTAMA PLASTIK, PT",1013998
G289,2026-05-29,Dc Bandung 2,03G289/1014001/05/2026,May,RODA NON BRAKE ( DEPAN ) -,120.0,BTB,"RODA KAWAN SEJAHTERA, PT",1014001
G289,2026-05-29,Dc Bandung 2,03G289/1014001/05/2026,May,RODA BRAKE ( BELAKANG ) -,120.0,BTB,"RODA KAWAN SEJAHTERA, PT",1014001
G020,2026-05-29,Dc Yogyakarta,03G020/1014005/05/2026,May,RODA NON BRAKE ( DEPAN ) -,90.0,BTB,"RODA HAMMERINDO JAYA, PT",1014005
G020,2026-05-29,Dc Yogyakarta,03G020/1014005/05/2026,May,RODA BRAKE ( BELAKANG ) -,90.0,BTB,"RODA HAMMERINDO JAYA, PT",1014005
G020,2026-05-29,Dc Yogyakarta,03G020/1014005/05/2026,May,PLASTIC HINGE BRONJONG (@50 PCS),1.0,BTB,"DWI SAHABAT SEJATI INDONESIA, PT",1014005
G020,2026-05-29,Dc Yogyakarta,03G020/1014005/05/2026,May,RODA DOLLY IDM -,80.0,BTB,"RODA HAMMERINDO JAYA, PT",1014005
G105,2026-05-29,Dc Bekasi,03G105/1014007/05/2026,May,RODA DOLLY IDM -,300.0,BTB,"RODA HAMMERINDO JAYA, PT",1014007
G009,2026-06-10,Dc Medan,03G009/1018840/06/2026,June,RODA DOLLY IDM -,200.0,BTB,"RODA HAMMERINDO JAYA, PT",1018840
G117,2026-06-10,Dc Bogor 2,03G117/1018845/06/2026,June,RODA NON BRAKE ( DEPAN ) -,200.0,BTB,"RODA HAMMERINDO JAYA, PT",1018845
G117,2026-06-10,Dc Bogor 2,03G117/1018845/06/2026,June,RODA BRAKE ( BELAKANG ) -,200.0,BTB,"RODA HAMMERINDO JAYA, PT",1018845
G117,2026-06-10,Dc Bogor 2,03G117/1018846/06/2026,June,RODA DOLLY IDM -,200.0,BTB,"RODA HAMMERINDO JAYA, PT",1018846
G117,2026-06-10,Dc Bogor 2,03G117/1018848/06/2026,June,TUTUP CONTAINER DC -,250.0,BTB,"YASUNLI ABADI UTAMA PLASTIK, PT",1018848
G026,2026-06-10,Dc Tangerang,03G026/1018854/06/2026,June,RODA BRAKE ( BELAKANG ) -,50.0,BTB,"RODA HAMMERINDO JAYA, PT",1018854
G026,2026-06-10,Dc Tangerang,03G026/1018854/06/2026,June,RODA DOLLY IDM -,100.0,BTB,"RODA HAMMERINDO JAYA, PT",1018854
G027,2026-06-10,Dc Bandung,03G027/1018897/06/2026,June,RODA DOLLY IDM -,240.0,BTB,"RODA HAMMERINDO JAYA, PT",1018897
G261,2026-06-10,Dc Jombang 2,03G261/1018901/06/2026,June,TUTUP CONTAINER DC -,130.0,BTB,"YASUNLI ABADI UTAMA PLASTIK, PT",1018901
G301,2026-06-10,Dc Sidoarjo,03G301/1018903/06/2026,June,RODA NON BRAKE ( DEPAN ) -,200.0,BTB,"RODA HAMMERINDO JAYA, PT",1018903
G301,2026-06-10,Dc Sidoarjo,03G301/1018903/06/2026,June,PLASTIC HINGE BRONJONG (@50 PCS),4.0,BTB,"DWI SAHABAT SEJATI INDONESIA, PT",1018903
G301,2026-06-10,Dc Sidoarjo,03G301/1018903/06/2026,June,RODA DOLLY IDM -,200.0,BTB,"RODA HAMMERINDO JAYA, PT",1018903
G004,2026-06-10,Dc Jember,03G004/1018912/06/2026,June,RODA NON BRAKE ( DEPAN ) -,200.0,BTB,"RODA HAMMERINDO JAYA, PT",1018912
G004,2026-06-10,Dc Jember,03G004/1018912/06/2026,June,RODA BRAKE ( BELAKANG ) -,200.0,BTB,"RODA HAMMERINDO JAYA, PT",1018912
G146,2026-06-10,Dc Lombok,03G146/1018917/06/2026,June,RODA DOLLY IDM -,300.0,BTB,"RODA HAMMERINDO JAYA, PT",1018917
G025,2026-06-10,Dc Malang,03G025/1018923/06/2026,June,RODA DOLLY IDM -,200.0,BTB,"RODA HAMMERINDO JAYA, PT",1018923
G025,2026-06-10,Dc Malang,03G025/1018923/06/2026,June,RODA NON BRAKE ( DEPAN ) -,100.0,SP Final,"RODA HAMMERINDO JAYA, PT",1018923
G025,2026-06-10,Dc Malang,03G025/1018923/06/2026,June,RODA BRAKE ( BELAKANG ) -,100.0,BTB,"RODA HAMMERINDO JAYA, PT",1018923
G025,2026-06-10,Dc Malang,03G025/1018923/06/2026,June,PLASTIC HINGE BRONJONG (@50 PCS),1.0,BTB,"DWI SAHABAT SEJATI INDONESIA, PT",1018923
G029,2026-06-10,Dc Palembang,03G029/1019036/06/2026,June,RODA DOLLY IDM -,300.0,BTB,"RODA HAMMERINDO JAYA, PT",1019036
G029,2026-06-10,Dc Palembang,03G029/1019036/06/2026,June,RODA NON BRAKE ( DEPAN ) -,300.0,BTB,"RODA HAMMERINDO JAYA, PT",1019036
G029,2026-06-10,Dc Palembang,03G029/1019036/06/2026,June,RODA BRAKE ( BELAKANG ) -,300.0,BTB,"RODA HAMMERINDO JAYA, PT",1019036
G301,2026-06-10,Dc Sidoarjo,03G301/1019078/06/2026,June,BRACKET ONLY RHJ-TW 5 SWIVEL + BRAKE RODA BRONJONG,50.0,BTB,"RODA HAMMERINDO JAYA, PT",1019078
G301,2026-06-10,Dc Sidoarjo,03G301/1019078/06/2026,June,BRACKET ONLY RHJ-TW 5 SWIVEL NON BRAKE RODA BRONJONG,50.0,BTB,"RODA HAMMERINDO JAYA, PT",1019078
G113,2026-06-10,Dc Bogor,03G113/1019146/06/2026,June,TUTUP CONTAINER DC -,200.0,BTB,"YASUNLI ABADI UTAMA PLASTIK, PT",1019146
G033,2026-06-10,Dc Tangerang 2,03G033/1019147/06/2026,June,RODA DOLLY IDM -,100.0,BTB,"RODA HAMMERINDO JAYA, PT",1019147
G033,2026-06-10,Dc Tangerang 2,03G033/1019147/06/2026,June,PLASTIC HINGE BRONJONG (@50 PCS),1.0,BTB,"DWI SAHABAT SEJATI INDONESIA, PT",1019147
G033,2026-06-10,Dc Tangerang 2,03G033/1019147/06/2026,June,TUTUP CONTAINER DC -,200.0,BTB,"YASUNLI ABADI UTAMA PLASTIK, PT",1019147
G028,2026-06-10,Dc Cirebon,03G028/1019155/06/2026,June,RODA NON BRAKE ( DEPAN ) -,100.0,BTB,"RODA HAMMERINDO JAYA, PT",1019155
G028,2026-06-10,Dc Cirebon,03G028/1019155/06/2026,June,RODA BRAKE ( BELAKANG ) -,100.0,BTB,"RODA HAMMERINDO JAYA, PT",1019155
G028,2026-06-10,Dc Cirebon,03G028/1019155/06/2026,June,RODA DOLLY IDM -,100.0,BTB,"RODA HAMMERINDO JAYA, PT",1019155
G156,2026-06-10,Dc Klaten,03G156/1019157/06/2026,June,RODA NON BRAKE ( DEPAN ) -,120.0,BTB,"RODA HAMMERINDO JAYA, PT",1019157
G156,2026-06-10,Dc Klaten,03G156/1019157/06/2026,June,RODA BRAKE ( BELAKANG ) -,150.0,BTB,"RODA HAMMERINDO JAYA, PT",1019157
G156,2026-06-10,Dc Klaten,03G156/1019157/06/2026,June,RODA DOLLY IDM -,150.0,BTB,"RODA HAMMERINDO JAYA, PT",1019157
G092,2026-06-11,Dc Banjarmasin,03G092/1019633/06/2026,June,RODA NON BRAKE ( DEPAN ) -,200.0,BTB,"RODA HAMMERINDO JAYA, PT",1019633
G092,2026-06-11,Dc Banjarmasin,03G092/1019633/06/2026,June,RODA BRAKE ( BELAKANG ) -,200.0,BTB,"RODA HAMMERINDO JAYA, PT",1019633
G092,2026-06-11,Dc Banjarmasin,03G092/1019639/06/2026,June,RODA DOLLY IDM -,300.0,BTB,"RODA HAMMERINDO JAYA, PT",1019639
G001,2026-06-11,Dc Jakarta,03G001/1019652/06/2026,June,PART BRONJONG NEW DESIGN FRONT NET,40.0,SP Final,"DWI SAHABAT SEJATI INDONESIA, PT",1019652
G001,2026-06-11,Dc Jakarta,03G001/1019652/06/2026,June,PART BRONJONG NEW DESIGN SIDE L,40.0,SP Final,"DWI SAHABAT SEJATI INDONESIA, PT",1019652
G001,2026-06-11,Dc Jakarta,03G001/1019652/06/2026,June,PART BRONJONG NEW DESIGN SIDE R,40.0,SP Final,"DWI SAHABAT SEJATI INDONESIA, PT",1019652
G137,2026-06-11,Dc Jakarta 2,03G137/1019672/06/2026,June,RODA BRAKE ( BELAKANG ) -,100.0,BTB,"RODA HAMMERINDO JAYA, PT",1019672
G137,2026-06-11,Dc Jakarta 2,03G137/1019679/06/2026,June,RODA NON BRAKE ( DEPAN ) -,100.0,BTB,"RODA HAMMERINDO JAYA, PT",1019679
G244,2026-06-11,Dc Manado,03G244/1019722/06/2026,June,RODA DOLLY IDM -,200.0,SP Final,"RODA HAMMERINDO JAYA, PT",1019722
G158,2026-06-11,IGR Ambon,03G158/1019725/06/2026,June,RODA DOLLY IDM -,100.0,SP Final,"RODA HAMMERINDO JAYA, PT",1019725
G158,2026-06-11,IGR Ambon,03G158/1019725/06/2026,June,RODA NON BRAKE ( DEPAN ) -,50.0,SP Final,"RODA HAMMERINDO JAYA, PT",1019725
G158,2026-06-11,IGR Ambon,03G158/1019725/06/2026,June,RODA BRAKE ( BELAKANG ) -,50.0,SP Final,"RODA HAMMERINDO JAYA, PT",1019725
G244,2026-06-11,Dc Manado,03G244/1019730/06/2026,June,RODA DOLLY IDM -,500.0,SP Final,"RODA HAMMERINDO JAYA, PT",1019730
G137,2026-06-15,Dc Jakarta 2,03G137/1021012/06/2026,June,RODA DOLLY IDM -,150.0,BTB,"RODA HAMMERINDO JAYA, PT",1021012
G029,2026-06-18,Dc Palembang,03G029/1022588/06/2026,June,RODA DOLLY IDM -,300.0,BTB,"RODA HAMMERINDO JAYA, PT",1022588
G029,2026-06-18,Dc Palembang,03G029/1022588/06/2026,June,RODA NON BRAKE ( DEPAN ) -,300.0,BTB,"RODA HAMMERINDO JAYA, PT",1022588
G029,2026-06-18,Dc Palembang,03G029/1022588/06/2026,June,RODA BRAKE ( BELAKANG ) -,300.0,BTB,"RODA HAMMERINDO JAYA, PT",1022588
G034,2026-06-18,Dc Bali,03G034/1022595/06/2026,June,RODA DOLLY IDM -,400.0,BTB,"RODA HAMMERINDO JAYA, PT",1022595
G034,2026-06-18,Dc Bali,03G034/1022595/06/2026,June,RODA BRAKE ( BELAKANG ) -,200.0,BTB,"RODA HAMMERINDO JAYA, PT",1022595
G034,2026-06-18,Dc Bali,03G034/1022595/06/2026,June,PART BRONJONG NEW DESIGN FRONT NET,30.0,SP Final,"DWI SAHABAT SEJATI INDONESIA, PT",1022595
G034,2026-06-18,Dc Bali,03G034/1022595/06/2026,June,PART BRONJONG NEW DESIGN SIDE L,30.0,SP Final,"DWI SAHABAT SEJATI INDONESIA, PT",1022595
G034,2026-06-18,Dc Bali,03G034/1022595/06/2026,June,PART BRONJONG NEW DESIGN SIDE R,30.0,SP Final,"DWI SAHABAT SEJATI INDONESIA, PT",1022595
G001,2026-06-19,Dc Jakarta,03G001/1023598/06/2026,June,RODA NON BRAKE ( DEPAN ) -,132.0,BTB,"RODA HAMMERINDO JAYA, PT",1023598
G001,2026-06-19,Dc Jakarta,03G001/1023604/06/2026,June,RODA BRAKE ( BELAKANG ) -,143.0,BTB,"RODA HAMMERINDO JAYA, PT",1023604
G801,2026-06-24,Dc Semarang,03G801/1025812/06/2026,June,RODA NON BRAKE ( DEPAN ) -,50.0,BTB,"RODA HAMMERINDO JAYA, PT",1025812
G801,2026-06-24,Dc Semarang,03G801/1025812/06/2026,June,RODA BRAKE ( BELAKANG ) -,80.0,BTB,"RODA HAMMERINDO JAYA, PT",1025812
G801,2026-06-24,Dc Semarang,03G801/1025812/06/2026,June,BRACKET ONLY RHJ-TW 5 SWIVEL + BRAKE RODA BRONJONG,50.0,BTB,"RODA HAMMERINDO JAYA, PT",1025812
G801,2026-06-24,Dc Semarang,03G801/1025812/06/2026,June,BRACKET ONLY RHJ-TW 5 SWIVEL NON BRAKE RODA BRONJONG,50.0,BTB,"RODA HAMMERINDO JAYA, PT",1025812
G004,2026-06-24,Dc Jember,03G004/1025817/06/2026,June,PART BRONJONG NEW DESIGN BOTTOM FRAME,20.0,SP Final,"DWI SAHABAT SEJATI INDONESIA, PT",1025817
G004,2026-06-24,Dc Jember,03G004/1025817/06/2026,June,PART BRONJONG NEW DESIGN FRONT NET,20.0,SP Final,"DWI SAHABAT SEJATI INDONESIA, PT",1025817
G004,2026-06-24,Dc Jember,03G004/1025817/06/2026,June,PART BRONJONG NEW DESIGN SIDE L,20.0,SP Final,"DWI SAHABAT SEJATI INDONESIA, PT",1025817
G149,2026-06-24,IGR Kendari,03G149/1025820/06/2026,June,RODA BRAKE ( BELAKANG ) -,50.0,SP Final,"RODA HAMMERINDO JAYA, PT",1025820
G149,2026-06-24,IGR Kendari,03G149/1025820/06/2026,June,RODA NON BRAKE ( DEPAN ) -,50.0,SP Final,"RODA HAMMERINDO JAYA, PT",1025820
G149,2026-06-24,IGR Kendari,03G149/1025820/06/2026,June,RODA DOLLY IDM -,70.0,SP Final,"RODA HAMMERINDO JAYA, PT",1025820
G165,2026-06-26,Dc Bengkulu,03G165/1026964/06/2026,June,TUTUP CONTAINER DC -,250.0,BTB,INDRAGRAHA,1026964
G113,2026-06-26,Dc Bogor,03G113/1026975/06/2026,June,PART BRONJONG NEW DESIGN FRONT NET,20.0,SP Final,"DWI SAHABAT SEJATI INDONESIA, PT",1026975
G113,2026-06-26,Dc Bogor,03G113/1026977/06/2026,June,PART BRONJONG NEW DESIGN SIDE R,20.0,SP Final,"DWI SAHABAT SEJATI INDONESIA, PT",1026977
G113,2026-06-26,Dc Bogor,03G113/1026980/06/2026,June,PART BRONJONG NEW DESIGN SIDE L,20.0,SP Final,"DWI SAHABAT SEJATI INDONESIA, PT",1026980
G156,2026-06-26,Dc Klaten,03G156/1027024/06/2026,June,PART BRONJONG NEW DESIGN REAR NET,10.0,SP Final,"DWI SAHABAT SEJATI INDONESIA, PT",1027024
G156,2026-06-26,Dc Klaten,03G156/1027024/06/2026,June,PART BRONJONG NEW DESIGN BASE NETT,4.0,SP Final,"DWI SAHABAT SEJATI INDONESIA, PT",1027024
G156,2026-06-26,Dc Klaten,03G156/1027024/06/2026,June,PART BRONJONG NEW DESIGN BOTTOM FRAME,6.0,SP Final,"DWI SAHABAT SEJATI INDONESIA, PT",1027024
G009,2026-06-26,Dc Medan,03G009/1027328/06/2026,June,RODA DOLLY IDM -,300.0,Progres Apprv,,1027328
G080,2026-06-30,Dc Purwakarta,03G080/1028579/06/2026,June,RODA DOLLY IDM -,500.0,BTB,"RODA HAMMERINDO JAYA, PT",1028579
G080,2026-06-30,Dc Purwakarta,03G080/1028579/06/2026,June,RODA NON BRAKE ( DEPAN ) -,200.0,BTB,"RODA HAMMERINDO JAYA, PT",1028579
G080,2026-06-30,Dc Purwakarta,03G080/1028579/06/2026,June,RODA BRAKE ( BELAKANG ) -,200.0,BTB,"RODA HAMMERINDO JAYA, PT",1028579
G257,2026-07-01,Dc Stabat,03G257/1029494/07/2026,July,TUTUP CONTAINER DC -,500.0,Progres Apprv,,1029494
G009,2026-07-03,Dc Medan,03G009/1030635/07/2026,July,RODA DOLLY IDM -,200.0,Progres Apprv,,1030635
G165,2026-07-03,Dc Bengkulu,03G165/1030656/07/2026,July,TUTUP CONTAINER DC -,250.0,Progres Apprv,,1030656
G245,2026-07-03,Dc Pontianak,03G245/1030659/07/2026,July,RODA DOLLY IDM -,350.0,SP Final,"RODA HAMMERINDO JAYA, PT",1030659
G290,2026-07-03,Dc SMD New,03G290/1030661/07/2026,July,RODA NON BRAKE ( DEPAN ) -,300.0,DPH Final,"RODA HAMMERINDO JAYA, PT",1030661
G290,2026-07-03,Dc SMD New,03G290/1030661/07/2026,July,RODA BRAKE ( BELAKANG ) -,300.0,Progres Apprv,,1030661
G290,2026-07-03,Dc SMD New,03G290/1030666/07/2026,July,TUTUP CONTAINER DC -,400.0,Progres Apprv,,1030666
G290,2026-07-03,Dc SMD New,03G290/1030666/07/2026,July,STICK PIN ENGSEL TUTUP KONTAINER DC @40 PCS,25.0,Progres Apprv,,1030666
G290,2026-07-03,Dc SMD New,03G290/1030666/07/2026,July,PLASTIC HINGE BRONJONG (@50 PCS),10.0,Progres Apprv,,1030666
G290,2026-07-03,Dc SMD New,03G290/1030668/07/2026,July,RODA DOLLY IDM -,600.0,DPH Final,"RODA HAMMERINDO JAYA, PT",1030668
G025,2026-07-03,Dc Malang,03G025/1030672/07/2026,July,RODA DOLLY IDM -,200.0,SP Final,"RODA HAMMERINDO JAYA, PT",1030672
G025,2026-07-03,Dc Malang,03G025/1030672/07/2026,July,RODA NON BRAKE ( DEPAN ) -,150.0,SP Final,"RODA HAMMERINDO JAYA, PT",1030672
G025,2026-07-03,Dc Malang,03G025/1030672/07/2026,July,RODA BRAKE ( BELAKANG ) -,150.0,SP Final,"RODA HAMMERINDO JAYA, PT",1030672
G026,2026-07-10,Dc Tangerang,03G026/1034316/07/2026,July,RODA NON BRAKE ( DEPAN ) -,50.0,Progres Apprv,,1034316
G026,2026-07-10,Dc Tangerang,03G026/1034316/07/2026,July,RODA BRAKE ( BELAKANG ) -,75.0,Progres Apprv,,1034316
G026,2026-07-10,Dc Tangerang,03G026/1034316/07/2026,July,RODA DOLLY IDM -,50.0,Progres Apprv,,1034316
G033,2026-07-10,Dc Tangerang 2,03G033/1034321/07/2026,July,RODA NON BRAKE ( DEPAN ) -,100.0,DPH Final,"RODA HAMMERINDO JAYA, PT",1034321
G033,2026-07-10,Dc Tangerang 2,03G033/1034321/07/2026,July,RODA BRAKE ( BELAKANG ) -,100.0,DPH Final,"RODA HAMMERINDO JAYA, PT",1034321
G027,2026-07-10,Dc Bandung,03G027/1034327/07/2026,July,RODA NON BRAKE ( DEPAN ) -,75.0,Progres Apprv,,1034327
G027,2026-07-10,Dc Bandung,03G027/1034327/07/2026,July,RODA BRAKE ( BELAKANG ) -,75.0,Progres Apprv,,1034327
G801,2026-07-10,Dc Semarang,03G801/1034332/07/2026,July,RODA NON BRAKE ( DEPAN ) -,150.0,Progres Apprv,,1034332
G801,2026-07-10,Dc Semarang,03G801/1034332/07/2026,July,RODA BRAKE ( BELAKANG ) -,110.0,Progres Apprv,,1034332
G305,2026-07-10,Dc Gresik,03G305/1034361/07/2026,July,TUTUP CONTAINER DC -,500.0,Progres Apprv,,1034361
G237,2026-07-10,Dc Kupang,03G237/1034370/07/2026,July,RODA NON BRAKE ( DEPAN ) -,100.0,DPH Final,"RODA KAWAN SEJAHTERA, PT",1034370
G237,2026-07-10,Dc Kupang,03G237/1034370/07/2026,July,RODA BRAKE ( BELAKANG ) -,100.0,DPH Final,"RODA KAWAN SEJAHTERA, PT",1034370
G025,2026-07-10,Dc Malang,03G025/1034374/07/2026,July,PART BRONJONG NEW DESIGN FRONT NET,33.0,Progres Apprv,,1034374
G025,2026-07-10,Dc Malang,03G025/1034374/07/2026,July,PART BRONJONG NEW DESIGN SIDE R,31.0,Progres Apprv,,1034374
G025,2026-07-10,Dc Malang,03G025/1034374/07/2026,July,PART BRONJONG NEW DESIGN SIDE L,31.0,Progres Apprv,,1034374
G025,2026-07-10,Dc Malang,03G025/1034374/07/2026,July,PART BRONJONG NEW DESIGN REAR NET,32.0,Progres Apprv,,1034374
G025,2026-07-10,Dc Malang,03G025/1034374/07/2026,July,PART BRONJONG NEW DESIGN BASE NETT,30.0,Progres Apprv,,1034374
G105,2026-07-10,Dc Bekasi,03G105/1034381/07/2026,July,RODA DOLLY IDM -,300.0,BTB,"RODA HAMMERINDO JAYA, PT",1034381
G137,2026-07-10,Dc Jakarta 2,03G137/1035589/07/2026,July,RODA DOLLY IDM -,150.0,SP Final,"RODA HAMMERINDO JAYA, PT",1035589
G137,2026-07-10,Dc Jakarta 2,03G137/1035593/07/2026,July,RODA NON BRAKE ( DEPAN ) -,100.0,BTB,"RODA KAWAN SEJAHTERA, PT",1035593
G137,2026-07-10,Dc Jakarta 2,03G137/1035601/07/2026,July,RODA BRAKE ( BELAKANG ) -,100.0,SP Final,"RODA HAMMERINDO JAYA, PT",1035601
G244,2026-07-10,Dc Manado,03G244/1036068/07/2026,July,RODA DOLLY IDM -,500.0,Progres Apprv,,1036068
G156,2026-07-10,Dc Klaten,03G156/1036074/07/2026,July,RODA NON BRAKE ( DEPAN ) -,140.0,SP Final,"RODA HAMMERINDO JAYA, PT",1036074
G156,2026-07-10,Dc Klaten,03G156/1036074/07/2026,July,RODA BRAKE ( BELAKANG ) -,150.0,SP Final,"RODA HAMMERINDO JAYA, PT",1036074
G156,2026-07-10,Dc Klaten,03G156/1036074/07/2026,July,RODA DOLLY IDM -,100.0,SP Final,"RODA HAMMERINDO JAYA, PT",1036074
G261,2026-07-10,Dc Jombang 2,03G261/1036079/07/2026,July,RODA BRAKE ( BELAKANG ) -,300.0,DPH Final,"RODA KAWAN SEJAHTERA, PT",1036079
G261,2026-07-10,Dc Jombang 2,03G261/1036082/07/2026,July,RODA NON BRAKE ( DEPAN ) -,180.0,SP Final,"RODA KAWAN SEJAHTERA, PT",1036082
G117,2026-07-15,Dc Bogor 2,03G117/1036829/07/2026,July,RODA DOLLY IDM -,170.0,SP Final,"RODA HAMMERINDO JAYA, PT",1036829
G117,2026-07-15,Dc Bogor 2,03G117/1036831/07/2026,July,RODA NON BRAKE ( DEPAN ) -,200.0,DPH Final,"RODA HAMMERINDO JAYA, PT",1036831
G117,2026-07-15,Dc Bogor 2,03G117/1036831/07/2026,July,RODA BRAKE ( BELAKANG ) -,200.0,DPH Final,"RODA HAMMERINDO JAYA, PT",1036831
G117,2026-07-15,Dc Bogor 2,03G117/1036835/07/2026,July,TUTUP CONTAINER DC -,350.0,SP Final,INDRAGRAHA,1036835
G148,2026-07-15,Dc Jombang,03G148/1036838/07/2026,July,RODA DOLLY IDM -,190.0,DPH Final,"RODA HAMMERINDO JAYA, PT",1036838
G148,2026-07-15,Dc Jombang,03G148/1036838/07/2026,July,TUTUP CONTAINER DC -,200.0,DPH Final,,1036838
G025,2026-07-15,Dc Malang,03G025/1036842/07/2026,July,RODA DOLLY IDM -,200.0,DPH Final,"RODA HAMMERINDO JAYA, PT",1036842
G025,2026-07-15,Dc Malang,03G025/1036842/07/2026,July,RODA NON BRAKE ( DEPAN ) -,200.0,DPH Final,"RODA HAMMERINDO JAYA, PT",1036842
G025,2026-07-15,Dc Malang,03G025/1036842/07/2026,July,RODA BRAKE ( BELAKANG ) -,200.0,DPH Final,"RODA HAMMERINDO JAYA, PT",1036842
G025,2026-07-15,Dc Malang,03G025/1036842/07/2026,July,PLASTIC HINGE BRONJONG (@50 PCS),2.0,DPH Final,"ARYANA CATUR MANDIRI, PT",1036842
G165,2026-07-16,Dc Bengkulu,03G165/1037671/07/2026,July,RODA DOLLY IDM -,300.0,New PP,,1037671
G113,2026-07-16,Dc Bogor,03G113/1037677/07/2026,July,PLASTIC HINGE BRONJONG (@50 PCS),2.0,New PP,,1037677
G113,2026-07-16,Dc Bogor,03G113/1037679/07/2026,July,RODA BRAKE ( BELAKANG ) -,150.0,New PP,,1037679
G113,2026-07-16,Dc Bogor,03G113/1037681/07/2026,July,RODA NON BRAKE ( DEPAN ) -,150.0,New PP,,1037681
G113,2026-07-16,Dc Bogor,03G113/1037690/07/2026,July,RODA DOLLY IDM -,200.0,New PP,,1037690
G148,2026-07-16,Dc Jombang,03G148/1037707/07/2026,July,RODA DOLLY IDM -,190.0,DPH Final,"RODA HAMMERINDO JAYA, PT",1037707
G148,2026-07-16,Dc Jombang,03G148/1037707/07/2026,July,TUTUP CONTAINER DC -,200.0,DPH Final,INDRAGRAHA,1037707
G028,2026-07-17,Dc Cirebon,03G028/1038893/07/2026,July,RODA NON BRAKE ( DEPAN ) -,100.0,Progres Apprv,,1038893
G028,2026-07-17,Dc Cirebon,03G028/1038893/07/2026,July,RODA BRAKE ( BELAKANG ) -,100.0,Progres Apprv,,1038893
G034,2026-07-17,Dc Bali,03G034/1038897/07/2026,July,RODA DOLLY IDM -,200.0,BTB,"RODA HAMMERINDO JAYA, PT",1038897
G034,2026-07-17,Dc Bali,03G034/1038897/07/2026,July,PLASTIC HINGE BRONJONG (@50 PCS),4.0,SP Final,,1038897
G034,2026-07-17,Dc Bali,03G034/1038897/07/2026,July,RODA NON BRAKE ( DEPAN ) -,300.0,BTB,"RODA HAMMERINDO JAYA, PT",1038897
G034,2026-07-17,Dc Bali,03G034/1038897/07/2026,July,RODA BRAKE ( BELAKANG ) -,300.0,BTB,"RODA HAMMERINDO JAYA, PT",1038897
G146,2026-07-17,Dc Lombok,03G146/1038901/07/2026,July,RODA DOLLY IDM -,200.0,Progres Apprv,,1038901
G080,2026-07-17,Dc Purwakarta,03G080/1038903/07/2026,July,RODA DOLLY IDM -,500.0,DPH Final,"RODA HAMMERINDO JAYA, PT",1038903
G080,2026-07-17,Dc Purwakarta,03G080/1038903/07/2026,July,RODA NON BRAKE ( DEPAN ) -,200.0,DPH Final,"RODA HAMMERINDO JAYA, PT",1038903
G080,2026-07-17,Dc Purwakarta,03G080/1038903/07/2026,July,RODA BRAKE ( BELAKANG ) -,200.0,DPH Final,"RODA HAMMERINDO JAYA, PT",1038903
G001,2026-07-20,Dc Jakarta,03G001/1039338/07/2026,July,RODA BRAKE ( BELAKANG ) -,248.0,DPH Final,"RODA KAWAN SEJAHTERA, PT",1039338
G001,2026-07-20,Dc Jakarta,03G001/1039339/07/2026,July,RODA NON BRAKE ( DEPAN ) -,230.0,Progres Apprv,,1039339
G107,2026-07-20,Dc Parung,03G107/1039340/07/2026,July,PLASTIC HINGE BRONJONG (@50 PCS),6.0,Progres Apprv,,1039340
G177,2026-07-20,Dc Palopo,03G177/1039343/07/2026,July,RODA DOLLY IDM -,200.0,Progres Apprv,,1039343
G177,2026-07-20,Dc Palopo,03G177/1039343/07/2026,July,RODA NON BRAKE ( DEPAN ) -,50.0,Progres Apprv,,1039343
G177,2026-07-20,Dc Palopo,03G177/1039343/07/2026,July,RODA BRAKE ( BELAKANG ) -,50.0,Progres Apprv,,1039343
G177,2026-07-20,Dc Palopo,03G177/1039344/07/2026,July,TUTUP CONTAINER DC -,200.0,Progres Apprv,,1039344
G157,2026-07-21,Dc Lebak,03G157/1039970/07/2026,July,RODA NON BRAKE ( DEPAN ) -,100.0,Progres Apprv,,1039970
G157,2026-07-21,Dc Lebak,03G157/1039972/07/2026,July,RODA BRAKE ( BELAKANG ) -,100.0,Progres Apprv,,1039972
G157,2026-07-21,Dc Lebak,03G157/1039973/07/2026,July,RODA DOLLY IDM -,300.0,Progres Apprv,,1039973
G020,2026-07-21,Dc Yogyakarta,03G020/1039978/07/2026,July,RODA NON BRAKE ( DEPAN ) -,83.0,Progres Apprv,,1039978
G020,2026-07-21,Dc Yogyakarta,03G020/1039978/07/2026,July,RODA BRAKE ( BELAKANG ) -,76.0,Progres Apprv,,1039978
G020,2026-07-21,Dc Yogyakarta,03G020/1039978/07/2026,July,PLASTIC HINGE BRONJONG (@50 PCS),1.0,Progres Apprv,,1039978
G020,2026-07-21,Dc Yogyakarta,03G020/1039978/07/2026,July,RODA DOLLY IDM -,82.0,Progres Apprv,,1039978
G020,2026-07-21,Dc Yogyakarta,03G020/1039978/07/2026,July,PART BRONJONG NEW DESIGN BASE NETT,4.0,SP Final,"DWI SAHABAT SEJATI INDONESIA, PT",1039978
G009,2026-07-29,Dc Medan,03G009/1044347/07/2026,July,RODA BRAKE ( BELAKANG ) -,200.0,SP Final,"RODA HAMMERINDO JAYA, PT",1044347
G009,2026-07-29,Dc Medan,03G009/1044347/07/2026,July,RODA NON BRAKE ( DEPAN ) -,300.0,SP Final,"RODA HAMMERINDO JAYA, PT",1044347
G257,2026-07-29,Dc Stabat,03G257/1044353/07/2026,July,TUTUP CONTAINER DC -,1000.0,Progres Apprv,,1044353
G026,2026-07-29,Dc Tangerang,03G026/1044699/07/2026,July,PART BRONJONG NEW DESIGN BASE NETT,6.0,Progres Apprv,,1044699
G026,2026-07-29,Dc Tangerang,03G026/1044699/07/2026,July,PART BRONJONG NEW DESIGN BOTTOM FRAME,6.0,Progres Apprv,,1044699
G026,2026-07-29,Dc Tangerang,03G026/1044699/07/2026,July,PART BRONJONG NEW DESIGN FRONT NET,6.0,Progres Apprv,,1044699
G026,2026-07-29,Dc Tangerang,03G026/1044699/07/2026,July,PART BRONJONG NEW DESIGN REAR NET,6.0,Progres Apprv,,1044699
G026,2026-07-29,Dc Tangerang,03G026/1044699/07/2026,July,PART BRONJONG NEW DESIGN SIDE R,6.0,Progres Apprv,,1044699
G026,2026-07-29,Dc Tangerang,03G026/1044699/07/2026,July,PART BRONJONG NEW DESIGN SIDE L,6.0,Progres Apprv,,1044699
G026,2026-07-29,Dc Tangerang,03G026/1044707/07/2026,July,STICK PIN ENGSEL TUTUP KONTAINER DC @40 PCS,50.0,Progres Apprv,,1044707
G026,2026-07-29,Dc Tangerang,03G026/1044707/07/2026,July,BRACKET ONLY RHJ-TW 5 SWIVEL + BRAKE RODA BRONJONG,50.0,Progres Apprv,,1044707
G026,2026-07-29,Dc Tangerang,03G026/1044707/07/2026,July,BRACKET ONLY RHJ-TW 5 SWIVEL NON BRAKE RODA BRONJONG,50.0,Progres Apprv,,1044707
G305,2026-07-29,Dc Gresik,03G305/1044711/07/2026,July,RODA DOLLY IDM -,400.0,SP Final,"RODA HAMMERINDO JAYA, PT",1044711
G105,2026-07-29,Dc Bekasi,03G105/1044714/07/2026,July,RODA DOLLY IDM -,250.0,Progres Apprv,,1044714
G105,2026-07-29,Dc Bekasi,03G105/1044714/07/2026,July,RODA NON BRAKE ( DEPAN ) -,200.0,Progres Apprv,,1044714
G105,2026-07-29,Dc Bekasi,03G105/1044714/07/2026,July,RODA BRAKE ( BELAKANG ) -,200.0,Progres Apprv,,1044714
G245,2026-07-30,Dc Pontianak,03G245/1045041/07/2026,July,RODA NON BRAKE ( DEPAN ) -,250.0,Progres Apprv,,1045041
G245,2026-07-30,Dc Pontianak,03G245/1045041/07/2026,July,RODA BRAKE ( BELAKANG ) -,250.0,Progres Apprv,,1045041
G245,2026-07-30,Dc Pontianak,03G245/1045042/07/2026,July,TUTUP CONTAINER DC -,300.0,Progres Apprv,,1045042
G026,2026-07-30,Dc Tangerang,03G026/1045045/07/2026,July,RODA BRAKE ( BELAKANG ) -,125.0,Progres Apprv,,1045045
G026,2026-07-30,Dc Tangerang,03G026/1045047/07/2026,July,TUTUP CONTAINER DC -,500.0,Progres Apprv,,1045047
G305,2026-07-30,Dc Gresik,03G305/1045049/07/2026,July,RODA NON BRAKE ( DEPAN ) -,200.0,SP Final,"RODA HAMMERINDO JAYA, PT",1045049
G305,2026-07-30,Dc Gresik,03G305/1045049/07/2026,July,RODA BRAKE ( BELAKANG ) -,200.0,SP Final,"RODA HAMMERINDO JAYA, PT",1045049
G034,2026-07-30,Dc Bali,03G034/1045051/07/2026,July,TUTUP CONTAINER DC -,500.0,Progres Apprv,,1045051
G245,2026-08-04,Dc Pontianak,03G245/1046804/08/2026,August,PART BRONJONG NEW DESIGN BASE NETT,5.0,Progres Apprv,,1046804
G245,2026-08-04,Dc Pontianak,03G245/1046804/08/2026,August,PART BRONJONG NEW DESIGN BOTTOM FRAME,15.0,Progres Apprv,,1046804
G245,2026-08-04,Dc Pontianak,03G245/1046804/08/2026,August,PART BRONJONG NEW DESIGN FRONT NET,7.0,Progres Apprv,,1046804
G245,2026-08-04,Dc Pontianak,03G245/1046804/08/2026,August,PART BRONJONG NEW DESIGN REAR NET,18.0,Progres Apprv,,1046804
G245,2026-08-04,Dc Pontianak,03G245/1046804/08/2026,August,PART BRONJONG NEW DESIGN SIDE R,7.0,Progres Apprv,,1046804
G245,2026-08-04,Dc Pontianak,03G245/1046804/08/2026,August,PART BRONJONG NEW DESIGN SIDE L,7.0,Progres Apprv,,1046804
G289,2026-08-04,Dc Bandung 2,03G289/1046808/08/2026,August,RODA DOLLY IDM -,100.0,Progres Apprv,,1046808
G289,2026-08-04,Dc Bandung 2,03G289/1046808/08/2026,August,RODA NON BRAKE ( DEPAN ) -,100.0,Progres Apprv,,1046808
G289,2026-08-04,Dc Bandung 2,03G289/1046808/08/2026,August,RODA BRAKE ( BELAKANG ) -,100.0,Progres Apprv,,1046808
G005,2026-08-04,Dc Bandar Lampung,03G005/1047163/08/2026,August,RODA NON BRAKE ( DEPAN ) -,150.0,New PP,,1047163
G005,2026-08-04,Dc Bandar Lampung,03G005/1047163/08/2026,August,RODA BRAKE ( BELAKANG ) -,150.0,New PP,,1047163
G005,2026-08-04,Dc Bandar Lampung,03G005/1047163/08/2026,August,RODA DOLLY IDM -,100.0,New PP,,1047163
G005,2026-08-04,Dc Bandar Lampung,03G005/1047163/08/2026,August,PLASTIC HINGE BRONJONG (@50 PCS),5.0,New PP,,1047163
G157,2026-08-10,Dc Lebak,03G157/1049958/08/2026,August,RODA BRAKE ( BELAKANG ) -,100.0,New PP,,1049958
G157,2026-08-10,Dc Lebak,03G157/1049961/08/2026,August,RODA NON BRAKE ( DEPAN ) -,100.0,New PP,,1049961
G158,2026-08-10,IGR Ambon,03G158/1049967/08/2026,August,RODA NON BRAKE ( DEPAN ) -,100.0,New PP,,1049967
G158,2026-08-10,IGR Ambon,03G158/1049967/08/2026,August,RODA BRAKE ( BELAKANG ) -,120.0,New PP,,1049967
G158,2026-08-10,IGR Ambon,03G158/1049967/08/2026,August,RODA DOLLY IDM -,250.0,New PP,,1049967
G156,2026-08-10,Dc Klaten,03G156/1049972/08/2026,August,PART BRONJONG NEW DESIGN SIDE R,2.0,New PP,,1049972
G156,2026-08-10,Dc Klaten,03G156/1049972/08/2026,August,PART BRONJONG NEW DESIGN SIDE L,2.0,New PP,,1049972
G156,2026-08-10,Dc Klaten,03G156/1049972/08/2026,August,PART BRONJONG NEW DESIGN BASE NETT,2.0,New PP,,1049972
G156,2026-08-10,Dc Klaten,03G156/1049972/08/2026,August,PART BRONJONG NEW DESIGN BOTTOM FRAME,2.0,New PP,,1049972
G156,2026-08-10,Dc Klaten,03G156/1049972/08/2026,August,PART BRONJONG NEW DESIGN FRONT NET,4.0,New PP,,1049972
G261,2026-08-10,Dc Jombang 2,03G261/1049980/08/2026,August,STICK PIN ENGSEL TUTUP KONTAINER DC @40 PCS,60.0,New PP,,1049980
G245,2026-08-11,Dc Pontianak,03G245/1051142/08/2026,August,PLASTIC HINGE BRONJONG (@50 PCS),5.0,,,1051142
G245,2026-08-11,Dc Pontianak,03G245/1051148/08/2026,August,RODA DOLLY IDM -,300.0,,,1051148
G245,2026-08-11,Dc Pontianak,03G245/1051154/08/2026,August,RODA BRAKE ( BELAKANG ) -,540.0,,,1051154
G245,2026-08-11,Dc Pontianak,03G245/1051154/08/2026,August,RODA NON BRAKE ( DEPAN ) -,420.0,,,1051154
G245,2026-08-11,Dc Pontianak,03G245/1051156/08/2026,August,TUTUP CONTAINER DC -,300.0,,,1051156
G158,2026-08-11,IGR Ambon,03G158/1051169/08/2026,August,TUTUP CONTAINER DC -,45.0,,,1051169
G158,2026-08-11,IGR Ambon,03G158/1051170/08/2026,August,TUTUP CONTAINER DC -,400.0,,,1051170
G158,2026-08-11,IGR Ambon,03G158/1051170/08/2026,August,STICK PIN ENGSEL TUTUP KONTAINER DC @40 PCS,40.0,,,1051170
G289,2026-08-11,Dc Bandung 2,03G289/1051175/08/2026,August,PLASTIC HINGE BRONJONG (@50 PCS),4.0,,,1051175
G289,2026-08-11,Dc Bandung 2,03G289/1051177/08/2026,August,TUTUP CONTAINER DC -,200.0,,,1051177
G105,2026-08-11,Dc Bekasi,03G105/1051187/08/2026,August,PART BRONJONG NEW DESIGN BOTTOM FRAME,10.0,,,1051187
G105,2026-08-11,Dc Bekasi,03G105/1051187/08/2026,August,PART BRONJONG NEW DESIGN SIDE R,9.0,,,1051187
G105,2026-08-11,Dc Bekasi,03G105/1051187/08/2026,August,PART BRONJONG NEW DESIGN SIDE L,9.0,,,1051187
G105,2026-08-11,Dc Bekasi,03G105/1051187/08/2026,August,PART BRONJONG NEW DESIGN BASE NETT,10.0,,,1051187
G105,2026-08-11,Dc Bekasi,03G105/1051187/08/2026,August,PLASTIC HINGE BRONJONG (@50 PCS),2.0,,,1051187
G028,2026-08-12,Dc Cirebon,03G028/1052239/08/2026,August,RODA NON BRAKE ( DEPAN ) -,100.0,,,1052239
G028,2026-08-12,Dc Cirebon,03G028/1052239/08/2026,August,RODA BRAKE ( BELAKANG ) -,100.0,,,1052239
G028,2026-08-12,Dc Cirebon,03G028/1052239/08/2026,August,TUTUP CONTAINER DC -,200.0,,,1052239
G301,2026-08-12,Dc Sidoarjo,03G301/1052243/08/2026,August,RODA DOLLY IDM -,200.0,,,1052243
G801,2026-08-12,Dc Semarang,03G801/1052285/08/2026,August,RODA NON BRAKE ( DEPAN ) -,50.0,,,1052285
G801,2026-08-12,Dc Semarang,03G801/1052285/08/2026,August,RODA BRAKE ( BELAKANG ) -,50.0,,,1052285
G801,2026-08-12,Dc Semarang,03G801/1052285/08/2026,August,RODA DOLLY IDM -,40.0,,,1052285
G801,2026-08-12,Dc Semarang,03G801/1052285/08/2026,August,PLASTIC HINGE BRONJONG (@50 PCS),2.0,,,1052285
G801,2026-08-12,Dc Semarang,03G801/1052285/08/2026,August,BRACKET ONLY RHJ-TW 5 SWIVEL + BRAKE RODA BRONJONG,50.0,,,1052285
G801,2026-08-12,Dc Semarang,03G801/1052285/08/2026,August,BRACKET ONLY RHJ-TW 5 SWIVEL NON BRAKE RODA BRONJONG,50.0,,,1052285
